old,new
boite.reception,mailbox.inbox
boite.receptionOrganisee,mailbox.organizedInbox
boite.kiosque,mailbox.feed
boite.registre,mailbox.paper_trail
boite.portier,mailbox.screener
boite.envoyes,mailbox.sent
boite.brouillons,mailbox.drafts
boite.indesirables,mailbox.junk
boite.archives,mailbox.archive
boite.corbeille,mailbox.trash
nav.toutes,nav.all
nav.boites,nav.mailboxes
entete.recherche,header.search
entete.chercher,header.search
entete.effacerRecherche,header.clearSearch
entete.ecrire,header.compose
entete.organise,header.organized
action.deplacerVers,action.moveTo
toast.expediteurDeplace,toast.senderMoved
erreur.sansAdresse,error.noAddress
portier.sousTitre1,screener.subtitle1
portier.sousTitre2,screener.subtitle2
portier.sousTitre3,screener.subtitle3
portier.question,screener.question
portier.oui,screener.yes
portier.non,screener.no
portier.ouiChoix,screener.yesChoice
portier.nonChoix,screener.noChoice
portier.ouiVers,screener.yesTo
portier.nonSeront,screener.noWillBe
portier.versReception,screener.toInbox
portier.versKiosque,screener.toFeed
portier.versRegistre,screener.toPaperTrail
portier.laReception,screener.theInbox
portier.leKiosque,screener.theFeed
portier.leRegistre,screener.thePaperTrail
portier.regleSpam,screener.ruleSpam
portier.regleArchive,screener.ruleArchive
portier.regleCorbeille,screener.ruleTrash
portier.regleEcarte,screener.rule-screened-out
portier.vide,screener.empty
portier.historique,screener.history
portier.historiqueVide,screener.historyEmpty
portier.reintegrer,screener.reinstate
fil.attentePortier,thread.screenerPending
portier.ecarte,screener.screened_out
portier.ecarteSpam,screener.screenedOutSpam
portier.ecarteArchive,screener.screenedOutArchive
portier.ecarteCorbeille,screener.screenedOutTrash
toast.portierOuiNu,toast.screenerYesBare
toast.portierOuiVers,toast.screenerYesTo
toast.portierNonNu,toast.screenerNoBare
toast.portierNonSpam,toast.screenerNoSpam
toast.portierNonArchive,toast.screenerNoArchive
toast.portierNonCorbeille,toast.screenerNoTrash
registre.fil,paper_trail.thread
registre.fils,paper_trail.threads
registre.voirPlus,paper_trail.seeMore
tri.dateDesc,sort.dateDesc
tri.dateAsc,sort.dateAsc
tri.alphaAZ,sort.alphaAz
tri.alphaZA,sort.alphaZa
tri.aria,sort.aria
liste.sectionNouveau,list.sectionNew
liste.sectionConsulte,list.sectionSeen
liste.gestes,list.gestures
liste.deplacerVers,list.moveTo
liste.ecarter,list.screen_out
pile.misDeCote,pile.setAside
pile.mettre,pile.put
pile.reprendre,pile.resume
pile.voirTableau,pile.see-board
pile.ouvrir,pile.open
pile.tableauTitre,pile.boardTitle
pile.tableauNote,pile.boardNote
pile.tableauVide,pile.boardEmpty
toast.misDeCote,toast.setAside
toast.reprisPile,toast.resumedPile
kiosque.sousTitre1,feed.subtitle1
kiosque.sousTitre2,feed.subtitle2
kiosque.sectionNonLus,feed.sectionUnread
kiosque.sectionLus,feed.section-read
kiosque.toutLu,feed.all-read
kiosque.vide,feed.empty
toast.portierReintegre,toast.screenerReinstated
groupe.portier,group.screener
reglages.portierDesc,settings.screenerDesc
reglages.portierOui,settings.screenerYes
reglages.portierOuiDesc,settings.screenerYesDesc
reglages.portierNon,settings.screenerNo
reglages.portierNonDesc,settings.screenerNoDesc
reglages.portierDecisions,settings.screenerDecisions
reglages.portierDecisionsDesc,settings.screenerDecisionsDesc
reglages.portierModifier,settings.screenerEdit
reglages.renvoyerPortier,settings.resendScreener
reglages.portierRecherche,settings.screenerSearch
reglages.portierAucuneDecision,settings.screenerNoneDecision
reglages.portierAucunResultat,settings.screenerNoneResultat
entete.reglages,header.settings
entete.feedback,header.feedback
retour.titre,back.title
retour.sous,back.under
retour.placeholder,back.placeholder
retour.merci,back.thanks
statut.recherche,status.search
statut.recherchePlafond,status.searchCap
statut.categorie,status.category
statut.synchro,status.sync
statut.rattrapageCorps,status.bodyBackfill
statut.rattrapageCorpsSeul,status.bodyBackfillAlone
statut.rattrapageApercus,status.previewBackfill
statut.envois,status.sends
statut.programmes,status.scheduled
statut.synchroImpossible,status.syncFailed
statut.synchroImpossibleDepuis,status.syncFailedSince
statut.ajour,status.up_to_date
statut.ajourDepuis,status.upToDateSince
statut.horsLigne,status.offline
statut.horsLigneDepuis,status.offlineSince
statut.cyclePrefixe,status.cyclePrefixe
statut.synchroPartielle,status.syncPartial
statut.pourcent,status.pourcent
statut.phase.inventaire,status.phase.inventory
statut.phase.fils,status.phase.threads
statut.phase.brouillons,status.phase.drafts
depuis.instant,since.now
depuis.minutes,since.minutes
depuis.heures,since.hours
depuis.jours,since.days
statut.demarrage,status.startup
statut.perf,status.perf
avis.envoiRefuse,notice.sendRefused
avis.envoiInterrompu,notice.sendInterrupted
avis.maj,notice.update
avis.crash,notice.crash
avis.telemetrie,notice.telemetry
avis.connexion,notice.connection
avis.programme,notice.scheduled
avis.actionsRefusees,notice.actionsRefusees
action.renvoyer,action.resend
action.abandonner,action.discard
action.installer,action.install
action.plusTard,action.later
action.ouvrirRapports,action.openRapports
action.ignorer,action.dismiss
action.activer,action.enable
action.nonMerci,action.noThanks
action.reprendre,action.resume
action.reessayer,action.retry
action.synchroniser,action.sync
action.synchronisation,action.syncing
action.repondre,action.reply
action.repondreTous,action.replyAll
action.transferer,action.forward
action.archiver,action.archive
action.supprimer,action.delete
action.signalerSpam,action.reportSpam
action.pasSpam,action.not-spam
action.epingler,action.pin
action.desepingler,action.unpin
action.envoyer,action.send
action.annuler,action.cancel
action.continuer,action.continue
action.fermer,action.close
action.replier,action.collapse
action.deplier,action.expand
action.retirer,action.remove
action.termine,action.done
action.annulerEnvoi,action.cancelSend
action.enregistrer,action.save
action.effacer,action.clear
action.accepter,action.accept
action.provisoire,action.tentative
action.refuser,action.refuse
action.marquerLu,action.markRead
action.marquerNonLu,action.markNoRead
action.annulerSelection,action.cancelSelection
inv.kickerAnnulee,inv.kickerCancelled
inv.kickerReponse,inv.kickerReply
inv.sansReponse,inv.noReply
inv.annuleeTexte,inv.cancelledText
inv.lieuOrganisateur,inv.organizerLocation
inv.organisePar,inv.organizedBy
inv.seRepete,inv.selfRepeats
inv.heureLocale,inv.timeLocal
toast.compteAjoute,toast.accountAdded
toast.compteRetire,toast.accountRemoved
toast.archivee,toast.archived
toast.supprimee,toast.deleted
toast.messageSupprime,toast.messageDeleted
toast.spamSignale,toast.spamReported
toast.pasSpam,toast.not-spam
toast.groupeArchivees,toast.groupArchived
toast.groupeSupprimees,toast.groupDeleted
toast.groupeSpam,toast.groupSpam
toast.groupePasSpam,toast.groupNot-spam
toast.groupeLues,toast.groupRead
toast.groupeNonLues,toast.groupUnread
erreur.groupePartiel,error.groupPartial
toast.pieceEnregistree,toast.attachmentSaved
toast.brouillonEnregistre,toast.draftSaved
toast.brouillonSupprime,toast.draftDeleted
toast.brouillonFork,toast.draftFork
toast.envoye,toast.sent
toast.programme,toast.scheduled
toast.envoiAnnule,toast.sendCancelled
toast.signatureTous,toast.signatureAll
toast.echoAttente,toast.echoPending
erreur.spamImpossible,error.spamFailed
erreur.renvoi,error.resend
erreur.abandon,error.discard
erreur.maj,error.update
erreur.ouverture,error.opening
erreur.preference,error.preference
erreur.enregistrement,error.save
erreur.transfert,error.forward
erreur.repondreTous,error.replyAll
erreur.envoi,error.send
erreur.invitation,error.invitation
erreur.piece,error.attachment
erreur.piecesManquantes,error.attachmentsMissing
erreur.aucunCompte,error.noneAccount
erreur.connexion,error.connection
erreur.differePasse,error.deferredPass
erreur.annulerEnvoi,error.cancelSend
erreur.annulerTard,error.cancelLater
erreur.signature,error.signature
liste.aria,list.aria
liste.aucunResultat,list.noneResultat
liste.vide,list.empty
liste.chargerPlus,list.loadMore
liste.affiner,list.affiner
liste.prefixeBrouillon,list.prefixeDraft
liste.dest,list.dest
liste.sur,list.on
liste.nSelection,list.nSelection
liste.cocher,list.check
brouillons.a,drafts.to
brouillons.sansDestinataire,drafts.withoutRecipient
brouillons.sansObjet,drafts.withoutSubject
puce.messages,chip.messages
puce.fichiers,chip.fichiers
puce.epingle,chip.pin
onglet.tous,tab.all
onglet.nonlus,tab.unread
lecture.aria,reading.aria
lecture.vide,reading.empty
lecture.ouvrir,reading.open
lecture.corpsEchec,reading.bodyFailure
lecture.imagesBloquees,reading.blockedImages
lecture.afficherImages,reading.showImages
lecture.toujoursAfficherImages,reading.alwaysShowImages
lecture.corps,reading.body
lecture.enregistrer,reading.save
lecture.voileEnregistrer,reading.veilSave
conv.deplier,conv.expand
conv.replier,conv.collapse
conv.brouillon,conv.draft
conv.ligneA,conv.row-to
conv.ligneCc,conv.row-cc
conv.de,conv.from
conv.a,conv.to
conv.objet,conv.subject
conv.fichiersJoints,conv.fichiersAttached
reglages.deconnecte,settings.disconnected
reglages.reconnecter,settings.reconnect
reglages.reconnecterCompte,settings.reconnectAccount
reglages.reconnexionEnCours,settings.reconnectionInProgress
reglages.reconnexionImpossible,settings.reconnectionFailed
reglages.repereCompte,settings.markerAccount
reglages.repereTitre,settings.markerTitle
reglages.repereIcones,settings.markerIcons
reglages.repereTeintes,settings.markerHues
reglages.repereRetirer,settings.markerRemove
reglages.repereImpossible,settings.markerFailed
reglages.retirer,settings.remove
reglages.nommerCompte,settings.renameAccount
reglages.nomTitre,settings.nameTitle
reglages.nomImpossible,settings.nameFailed
repere.icone.home,marker.icon.home
repere.icone.work,marker.icon.work
repere.icone.school,marker.icon.school
repere.icone.star,marker.icon.star
repere.icone.favorite,marker.icon.favorite
repere.icone.flight,marker.icon.flight
repere.icone.eco,marker.icon.eco
repere.icone.pets,marker.icon.pets
repere.teinte.rouge,marker.hue.red
repere.teinte.orange,marker.hue.orange
repere.teinte.ocre,marker.hue.ocre
repere.teinte.olive,marker.hue.olive
repere.teinte.vert,marker.hue.green
repere.teinte.sapin,marker.hue.sapin
repere.teinte.bleu,marker.hue.bleu
repere.teinte.indigo,marker.hue.indigo
repere.teinte.violet,marker.hue.violet
repere.teinte.magenta,marker.hue.magenta
repere.teinte.rose,marker.hue.rose
repere.teinte.brun,marker.hue.brun
compo.nouveau,compose.new
compo.re,compose.re
compo.tr,compose.tr
compo.bonjour,compose.hello
compo.sansObjet,compose.withoutSubject
compo.compteEmetteur,compose.sendingAccount
compo.destinataire,compose.recipient
compo.suggestions,compose.suggestions
compo.objetPlaceholder,compose.subjectPlaceholder
compo.corpsPlaceholder,compose.bodyPlaceholder
compo.cc,compose.cc
compo.cci,compose.cci
compo.police,compose.font
compo.policeSans,compose.fontWithout
compo.policeSerif,compose.fontSerif
compo.policeMono,compose.fontMono
compo.taille,compose.size
compo.taillePetit,compose.sizeSmall
compo.tailleNormal,compose.sizeNormal
compo.tailleGrand,compose.sizeLarge
compo.tailleTresGrand,compose.sizeVeryLarge
compo.gras,compose.bold
compo.italique,compose.italic
compo.souligne,compose.underline
compo.barre,compose.bar
compo.couleur,compose.color
compo.alignerGauche,compose.alignLeft
compo.alignerCentre,compose.alignCenter
compo.alignerDroite,compose.alignRight
compo.listePuces,compose.listChips
compo.listeNumerotee,compose.listNumbered
compo.retraitMoins,compose.indentLess
compo.retraitPlus,compose.indentMore
compo.effacerFormat,compose.clearFormat
compo.joindre,compose.attach
compo.retirerPiece,compose.removeAttachment
compo.rapatriement,compose.retrieving
compo.poidsTotal,compose.totalWeight
compo.pieceRefusee,compose.attachmentRefused
compo.enregistrerBrouillon,compose.saveDraft
compo.supprimerBrouillon,compose.deleteDraft
compo.supprConfirme,compose.deleteConfirme
compo.importantTitre,compose.importantTitle
compo.plusTard,compose.later
compo.differeQuand,compose.deferredWhen
compo.differeNote,compose.deferredNote
compo.programmer,compose.schedule
accueil.bienvenue,onboarding.welcome
accueil.etape,onboarding.step
accueil.ajouterSous,onboarding.addUnder
accueil.ajouter,onboarding.add
accueil.ajouterAutre,onboarding.addOther
accueil.retour,onboarding.back
accueil.continuer,onboarding.continue
accueil.terminer,onboarding.finish
accueil.voletsTitre,onboarding.panesTitle
accueil.voletsSous,onboarding.panesUnder
accueil.themeTitre,onboarding.themeTitle
accueil.themeSous,onboarding.themeUnder
accueil.betaTitre,onboarding.betaTitle
accueil.betaSous,onboarding.betaUnder
accueil.betaBouton,onboarding.betaButton
accueil.finTitre,onboarding.endTitle
accueil.finTexte,onboarding.endText
accueil.revenir,onboarding.revenir
accueil.theme,onboarding.theme
guichet.adresse,desk.address
guichet.mdp,desk.password
guichet.imap,desk.imap
guichet.smtp,desk.smtp
guichet.port,desk.port
guichet.adresseInvalide,desk.addressInvalid
guichet.autorisation,desk.authorization
guichet.verification,desk.checking
guichet.noteGenerique,desk.noteGeneric
guichet.horizon,desk.horizon
horizon.tout,horizon.all
boite.nettoyage,mailbox.cleanup
nettoyage.sousTitre,cleanup.subtitle
nettoyage.plage,cleanup.range
nettoyage.perimetre,cleanup.scope
nettoyage.perimetre.reception,cleanup.scope.inbox
nettoyage.perimetre.dossiers,cleanup.scope.folders
nettoyage.perimetre.dossiersArchives,cleanup.scope.foldersArchive
nettoyage.perimetre.archives,cleanup.scope.archive
nettoyage.demarrer,cleanup.start
nettoyage.progression,cleanup.progress
nettoyage.progressionAria,cleanup.progressAria
nettoyage.message,cleanup.message
nettoyage.messages,cleanup.messages
nettoyage.fini,cleanup.fini
nettoyage.terminer,cleanup.finish
reglages.horizonCompte,settings.horizonAccount
reglages.horizonTitre,settings.horizonTitle
reglages.horizonNote,settings.horizonNote
reglages.horizonImpossible,settings.horizonFailed
migration.titre,migration.title
migration.preparation,migration.preparing
migration.annulee,migration.cancelled
migration.echec,migration.failure
reglages.groupesAria,settings.groupsAria
groupe.comptes,group.accounts
groupe.themes,group.themes
groupe.affichage,group.display
groupe.notifications,group.notifications
groupe.signature,group.signature
groupe.raccourcis,group.shortcuts
groupe.apropos,group.about
reglages.sectionThemes,settings.sectionThemes
reglages.sectionRaccourcis,settings.sectionShortcuts
reglages.ajouterCompte,settings.addAccount
reglages.retirerCompte,settings.removeAccount
reglages.retirerConfirme,settings.removeConfirme
reglages.retraitEnCours,settings.removalInProgress
reglages.retraitImpossible,settings.indentFailed
reglages.sombreAuto,settings.darkAuto
reglages.sombreAutoDesc,settings.darkAutoDesc
reglages.langue,settings.language
reglages.langueDesc,settings.languageDesc
reglages.volets,settings.panes
reglages.voletsDesc,settings.panesDesc
volets.3,panes.3
volets.2,panes.2
volets.1,panes.1
reglages.espacement,settings.spacing
reglages.espacementDesc,settings.spacingDesc
espacement.faible,spacing.low
espacement.moyen,spacing.medium
espacement.eleve,spacing.high
reglages.imagesExpediteurs,settings.imagesSenders
reglages.imagesExpediteursDesc,settings.imagesSendersDesc
reglages.retirerExpediteur,settings.removeSender
nav.ouvrirTiroir,nav.openDrawer
nav.fermerTiroir,nav.closeDrawer
volets.poigneeNav,panes.handleNav
volets.poigneeListe,panes.handleList
reglages.bulles,settings.bubbles
reglages.bullesDesc,settings.bubblesDesc
reglages.noteRaccourcis,settings.noteShortcuts
reglages.version,settings.version
reglages.maj,settings.update
reglages.verifierMaj,settings.checkUpdate
reglages.verification,settings.checking
reglages.ajour,settings.up_to_date
reglages.majDisponible,settings.updateAvailable
reglages.majImpossible,settings.updateFailed
reglages.installation,settings.installing
reglages.signatureDesc,settings.signatureDesc
reglages.signaturePlaceholder,settings.signaturePlaceholder
reglages.signatureRepliques,settings.signatureRepliques
reglages.signatureRepliquesDesc,settings.signatureRepliquesDesc
reglages.signatureTous,settings.signatureAll
reglages.icones,settings.icons
reglages.iconesValeur,settings.iconsValue
reglages.origineValeur,settings.originValue
raccourci.touche.c,shortcut.key.c
raccourci.touche.r,shortcut.key.r
raccourci.touche.f,shortcut.key.f
raccourci.touche.e,shortcut.key.e
raccourci.touche.suppr,shortcut.key.delete
raccourci.touche.slash,shortcut.key.slash
raccourci.touche.echap,shortcut.key.echap
raccourci.geste.c,shortcut.gesture.c
raccourci.geste.r,shortcut.gesture.r
raccourci.geste.f,shortcut.gesture.f
raccourci.geste.e,shortcut.gesture.e
raccourci.geste.suppr,shortcut.gesture.delete
raccourci.geste.slash,shortcut.gesture.slash
raccourci.geste.echap,shortcut.gesture.echap
theme.elements.nom,theme.elements.name
theme.innamoramento.nom,theme.innamoramento.name
langue.fr,language.fr
langue.en,language.in
quand.mois,when.month
quand.jours,when.days
quand.hier,when.yesterday
quand.aujourdhui,when.today
quand.long,when.long
quand.premier,when.first
quand.dansAnnee,when.inYear
quand.auDela,when.auDela
